n	host	sep	tabu	ann	sepF	tabuF	annF
27	YAD	1.6362329877e-5	1.3594664477229603e-5	1.6837930359000002e-5	1.4664468905e-5	1.125971480994152e-5	1.584626822e-5
89	YAD	8.1450813886e-5	4.6360181491761964e-5	5.9142558765e-5	9.0508734496e-5	2.6713932973650386e-5	3.5161396863999994e-5
89	portable	3.4356209019e-5	2.077168272078332e-5	2.4051381365e-5	2.0379115623e-5	1.3165544511496166e-5	1.4739951246e-5
27	portable	8.981313846000001e-6	7.3717398261253316e-6	7.484937252e-6	6.313821885e-6	5.383817415182755e-6	5.762112132999999e-6
101	portable	2.8079147941e-5	1.849126435866155e-5	2.0939390737e-5	1.8048957449e-5	1.2659898473623853e-5	1.4261756351e-5
218	portable	9.9983732647e-5	6.331777813799481e-5	7.2321310304e-5	4.8330863571e-5	2.921203608997527e-5	3.4153597199e-5
